{
  "hash": "73370504",
  "configHash": "43173c4f",
  "lockfileHash": "69ef7b1e",
  "browserHash": "39575622",
  "optimized": {
    "@angular/core": {
      "src": "../../../../../node_modules/@angular/core/fesm2022/core.mjs",
      "file": "@angular_core.js",
      "fileHash": "e710f569",
      "needsInterop": false
    },
    "@angular/forms": {
      "src": "../../../../../node_modules/@angular/forms/fesm2022/forms.mjs",
      "file": "@angular_forms.js",
      "fileHash": "6d2957d4",
      "needsInterop": false
    },
    "@angular/platform-browser": {
      "src": "../../../../../node_modules/@angular/platform-browser/fesm2022/platform-browser.mjs",
      "file": "@angular_platform-browser.js",
      "fileHash": "4b562d46",
      "needsInterop": false
    },
    "@angular/router": {
      "src": "../../../../../node_modules/@angular/router/fesm2022/router.mjs",
      "file": "@angular_router.js",
      "fileHash": "c543666c",
      "needsInterop": false
    },
    "@angular/common": {
      "src": "../../../../../node_modules/@angular/common/fesm2022/common.mjs",
      "file": "@angular_common.js",
      "fileHash": "745b1d80",
      "needsInterop": false
    },
    "@angular/common/http": {
      "src": "../../../../../node_modules/@angular/common/fesm2022/http.mjs",
      "file": "@angular_common_http.js",
      "fileHash": "eb953775",
      "needsInterop": false
    }
  },
  "chunks": {
    "chunk-OTD7XUPS": {
      "file": "chunk-OTD7XUPS.js"
    },
    "chunk-WK7XJOSB": {
      "file": "chunk-WK7XJOSB.js"
    },
    "chunk-33UENKCN": {
      "file": "chunk-33UENKCN.js"
    },
    "chunk-T4EO7UJD": {
      "file": "chunk-T4EO7UJD.js"
    }
  }
}